<?xml version='1.0' encoding='utf-8'?>
<widget id="com.taobao.WeexDemo" version="1.0.0" xmlns="http://www.w3.org/ns/widgets" xmlns:cdv="http://*">
    <name>WeexDemo</name>
    <description>
        A sample Weex application that responds to the deviceready event.
    </description>
    <author email=" " href="https://alibaba.github.io/weex/">
        Weex Team
    </author>
    <content src="index.html" />
    <access origin="*" />
    <allow-intent href="http://*/*" />
    <allow-intent href="https://*/*" />
    <allow-intent href="tel:*" />
    <allow-intent href="sms:*" />
    <allow-intent href="mailto:*" />
    <allow-intent href="geo:*" />
    <allow-intent href="itms:*" />
    <allow-intent href="itms-apps:*" />
    <preference name="AllowInlineMediaPlayback" value="false" />
    <preference name="BackupWebStorage" value="cloud" />
    <preference name="DisallowOverscroll" value="false" />
    <preference name="EnableViewportScale" value="false" />
    <preference name="KeyboardDisplayRequiresUserAction" value="true" />
    <preference name="MediaPlaybackRequiresUserAction" value="false" />
    <preference name="SuppressesIncrementalRendering" value="false" />
    <preference name="SuppressesLongPressGesture" value="false" />
    <preference name="Suppresses3DTouchGesture" value="false" />
    <preference name="GapBetweenPages" value="0" />
    <preference name="PageLength" value="0" />
    <preference name="PaginationBreakingMode" value="page" />
    <preference name="PaginationMode" value="unpaginated" />
</widget>
