[{
	"name": "default",
	"uuid": "default",
	"description": "在线自主注册渠道"
},{
	"name": "13904321138",
	"uuid": "fTHLYv7VBpIOy1lbBFNWZreM",
	"description": "王馨然的推广渠道包"
},{
	"name": "18633011137",
	"uuid": "7NVXMof5FFGd2DiHqfCy8NG1",
	"description": "田瑞晓的推广渠道包"
},{
	"name": "18731925163",
	"uuid": "oE7AJWv3nzGRIUvXO0l3cWET",
	"description": "段建远的推广渠道包"
},{
	"name": "18233967678",
	"uuid": "F9KVxNidqbr2QWTyK3eLpmYr",
	"description": "王克瑶的推广渠道包"
},{
	"name": "15284288680",
	"uuid": "A375h1Ps8ul27dLpKveWcuGt",
	"description": "田金亮的推广渠道包"
},{
	"name": "15332158961",
	"uuid": "CY9MtPO8OI26w6iLURQapEUS",
	"description": "李闯的推广渠道包"
},{
	"name": "13643203520",
	"uuid": "rsG4w2uxqI8u3eIW1KmSgMIh",
	"description": "王飞的推广渠道包"
},{
	"name": "18631051869",
	"uuid": "DNqgVmYNoM3tiUbSBfIBEMPt",
	"description": "周豪的推广渠道包"
},{
	"name": "18617595669",
	"uuid": "cQQw9KAqJWDcsHObxRKXFAtf",
	"description": "郎凌宇的推广渠道包"
},{
	"name": "17633033903",
	"uuid": "GdyakMoY9X1i1HxRqOtT9wq8",
	"description": "杨兴的推广渠道包"
},{
	"name": "15614060075",
	"uuid": "cYYDY3I0pMo8P2ziZ3b3MylU",
	"description": "周雅川的推广渠道包"
},{
	"name": "15931021183",
	"uuid": "GBaaWjvYbFgrWPUlVoId3dOn",
	"description": "孙亮的推广渠道包"
},{
	"name": "13839329608",
	"uuid": "aF41YpNcior9pY0ShL5cJuTi",
	"description": "袁运军的推广渠道包"
},{
	"name": "18663102361",
	"uuid": "KYgk6CpgthO7VOQ-3pvCywsi",
	"description": "李宝石的推广渠道包"
},{
	"name": "weixin",
	"uuid": "5af25ac2cbcbaee0d5922119",
	"description": "微信公众号渠道包"
},{
	"name": "baidu",
	"uuid": "5af25a5fcbcbaee0d5922115",
	"description": "百度推广渠道包"
},{
	"name": "sougou",
	"uuid": "5af25aadcbcbaee0d5922116",
	"description": "搜狗推广渠道包"
},{
	"name": "shenma",
	"uuid": "5af25ab8cbcbaee0d5922117",
	"description": "神马推广渠道包"
},{
	"name": "toutiao",
	"uuid": "5af25abdcbcbaee0d5922118",
	"description": "今日头条渠道包"
},{
 "name": "13099680566",
 "uuid": "5b0cb64c50ac144e3fae5930",
 "description": "杨梅君的推广渠道包"
},{
	"name": "13987531082",
	"uuid": "5b70e963c082868b2857c1b3",
	"description": "赵丽的推广渠道包"
 },{
	"name": "18288510109",
	"uuid": "5b70e96bc082868b2857c1b4",
	"description": "赵建蜜的推广渠道包"
 },{
	"name": "18087565890",
	"uuid": "5b70e973c082868b2857c1b5",
	"description": "李伟的推广渠道包"
 },{
	"name": "13577527809",
	"uuid": "5b70e979c082868b2857c1b6",
	"description": "张秋桐的推广渠道包"
 },{
	"name": "13887812386",
	"uuid": "5b70e97fc082868b2857c1b7",
	"description": "刘晓东的推广渠道包"
 },{
	"name": "18508752162",
	"uuid": "5b70e985c082868b2857c1b8",
	"description": "李小苏的推广渠道包"
 },{
	"name": "15770287392",
	"uuid": "5b70e98bc082868b2857c1b9",
	"description": "禹红梅的推广渠道包"
 },{
	"name": "17787089160",
	"uuid": "5b699a0efed526aaec222814",
	"description": "赵丽娟的推广渠道包"
 },{
	"name": "13769055683",
	"uuid": "5b70e997c082868b2857c1bb",
	"description": "闵志强的推广渠道包"
 },{
	"name": "15087597910",
	"uuid": "5b70e99dc082868b2857c1bc",
	"description": "朱林贞的推广渠道包"
 },{
	"name": "18469466544",
	"uuid": "5b6a3469fed526aaec22351d",
	"description": "永杰的推广渠道包"
 },{
	"name": "15987519977",
	"uuid": "5b70e9aac082868b2857c1be",
	"description": "袁子洋的推广渠道包"
 },{
	"name": "17708759007",
	"uuid": "5b70e9b0c082868b2857c1bf",
	"description": "陈思璇的推广渠道包"
 },{
	"name": "13628756212",
	"uuid": "5b70e9b6c082868b2857c1c0",
	"description": "王婷的推广渠道包"
 },{
	"name": "17708759008",
	"uuid": "5b70e9bcc082868b2857c1c1",
	"description": "程丽美的推广渠道包"
 },{
	"name": "13330488299",
	"uuid": "5b70e9c1c082868b2857c1c2",
	"description": "字华峰的推广渠道包"
 },{
	"name": "13987721033",
	"uuid": "5b70e9cbc082868b2857c1c3",
	"description": "蔡家斌的推广渠道包"
 },{
	"name": "13988286033",
	"uuid": "5b70e9d0c082868b2857c1c4",
	"description": "刀承三的推广渠道包"
 },{
	"name": "13608750951",
	"uuid": "5b70e9d6c082868b2857c1c5",
	"description": "张仕发的推广渠道包"
 },{
	"name": "15126265858",
	"uuid": "5b70e9dcc082868b2857c1c6",
	"description": "宋清荣的推广渠道包"
 },{
	"name": "13308756588",
	"uuid": "5b70e9e3c082868b2857c1c7",
	"description": "丁玉东的推广渠道包"
 }]