{
  "server": {
    "host": "10.25.114.122",
    "port": 27500
  },
  "storagePath": "/mnt/data/storage/sznongfu",
  "nongfu_api_dataService": {
    "host": "10.25.114.122",
    "port": 8010 
  },
  "api_base_url": "http://m.merchant.sznongfu.com",
  "api_base_url_auth": "http://passport.merchant.sznongfu.com",
  "repo_domain": "repo.merchant.sznongfu.com",
  "android_release_url": "http://pkgs.b2cf.cn/public/dists/zhanggui_prod/app/release",
  "ios_release_url": "http://pkgs.b2cf.cn/public/dists/zhanggui_prod/app/ios/release"
}
