{
  "server": {
    "host": "localhost",
    "port": 27500
  },
  "storagePath": "/mnt/data/storage/sznongfu",
  "nongfu_api_dataService": {
    "host": "10.172.223.230",
    "port": 27800
  },
  "api_base_url": "http://stage.m.merchant.sznongfu.com",
  "api_base_url_auth": "http://stage.passport.merchant.sznongfu.com",
  "repo_domain": "stage.repo.merchant.sznongfu.com",
  "android_release_url": "http://pkgs.b2cf.cn/public/dists/zhanggui_stage/app/release",
  "ios_release_url": "http://pkgs.b2cf.cn/public/dists/zhanggui_stage/app/ios/release"
}
